<profile version="1.0">
  <option name="myName" value="Project Default" />
  <inspection_tool class="Add Shebang line" enabled="false" level="WEAK WARNING" enabled_by_default="false" />
  <inspection_tool class="Eslint" enabled="true" level="WARNING" enabled_by_default="true" />
  <inspection_tool class="HttpUrlsUsage" enabled="true" level="WEAK WARNING" enabled_by_default="true">
    <option name="ignoredUrls">
      <list>
        <option value="http://localhost" />
        <option value="http://127.0.0.1" />
        <option value="http://0.0.0.0" />
        <option value="http://www.w3.org/" />
        <option value="http://json-schema.org/draft" />
        <option value="http://java.sun.com/" />
        <option value="http://xmlns.jcp.org/" />
        <option value="http://javafx.com/javafx/" />
        <option value="http://javafx.com/fxml" />
        <option value="http://maven.apache.org/xsd/" />
        <option value="http://maven.apache.org/POM/" />
        <option value="http://www.springframework.org/schema/" />
        <option value="http://www.springframework.org/tags" />
        <option value="http://www.springframework.org/security/tags" />
        <option value="http://www.thymeleaf.org" />
        <option value="http://www.jboss.org/j2ee/schema/" />
        <option value="http://www.jboss.com/xml/ns/" />
        <option value="http://www.ibm.com/webservices/xsd" />
        <option value="http://activemq.apache.org/schema/" />
        <option value="http://schema.cloudfoundry.org/spring/" />
        <option value="http://schemas.xmlsoap.org/" />
        <option value="http://cxf.apache.org/schemas/" />
        <option value="http://primefaces.org/ui" />
        <option value="http://tiles.apache.org/" />
        <option value="http://test" />
      </list>
    </option>
  </inspection_tool>
  <inspection_tool class="JSHint" enabled="true" level="ERROR" enabled_by_default="true" />
  <inspection_tool class="PyAbstractClassInspection" enabled="false" level="WEAK WARNING" enabled_by_default="false" />
  <inspection_tool class="PyAttributeOutsideInitInspection" enabled="false" level="WEAK WARNING" enabled_by_default="false" />
  <inspection_tool class="PyClassicStyleClassInspection" enabled="true" level="WARNING" enabled_by_default="true" />
  <inspection_tool class="PyCompatibilityInspection" enabled="true" level="WARNING" enabled_by_default="true">
    <option name="ourVersions">
      <value>
        <list size="1">
          <item index="0" class="java.lang.String" itemvalue="3.8" />
        </list>
      </value>
    </option>
  </inspection_tool>
  <inspection_tool class="PyMethodMayBeStaticInspection" enabled="false" level="WEAK WARNING" enabled_by_default="false" />
  <inspection_tool class="PyMethodOverridingInspection" enabled="false" level="WARNING" enabled_by_default="false" />
  <inspection_tool class="PyPackageRequirementsInspection" enabled="false" level="WARNING" enabled_by_default="false">
    <option name="ignoredPackages">
      <value>
        <list size="0" />
      </value>
    </option>
  </inspection_tool>
  <inspection_tool class="PyPep8NamingInspection" enabled="false" level="WEAK WARNING" enabled_by_default="false" />
  <inspection_tool class="PySingleQuotedDocstringInspection" enabled="false" level="WEAK WARNING" enabled_by_default="false" />
  <inspection_tool class="SpellCheckingInspection" enabled="true" level="TYPO" enabled_by_default="true">
    <option name="processCode" value="false" />
    <option name="processLiterals" value="true" />
    <option name="processComments" value="true" />
  </inspection_tool>
  <inspection_tool class="SqlNoDataSourceInspection" enabled="false" level="WARNING" enabled_by_default="false" />
  <inspection_tool class="SqlResolveInspection" enabled="false" level="WARNING" enabled_by_default="false" />
  <inspection_tool class="TsLint" enabled="true" level="WARNING" enabled_by_default="true" />
  <inspection_tool class="YAMLSchemaValidation" enabled="false" level="WARNING" enabled_by_default="false" />
</profile>