<application>
  <component name="AdvancedSettings">
    <option name="settings">
      <map>
        <entry key="confirm.rerun.with.termination" value="false" />
        <entry key="editor.maximize.in.splits.on.double.click" value="true" />
        <entry key="editor.soft.wrap.force.limit" value="1000" />
        <entry key="enable.combined.diff.for.codereview" value="false" />
        <entry key="ide.ui.native.file.chooser" value="true" />
        <entry key="max.recent.run.configurations" value="10" />
        <entry key="se.text.search" value="true" />
        <entry key="temporary.configurations.limit" value="10" />
      </map>
    </option>
  </component>
</application>