<application>
  <component name="com.intellij.ide.ui.customization.CustomActionsSchema">
    <group value="OpenFileInConsoleToolbarAction" is_action="true" action_type="-1" position="14">
      <path value="root" />
      <path value="Main Toolbar" />
      <option name="myInitialPosition" value="-1" />
    </group>
    <group value="GrepConsoleTail" is_action="true" action_type="-1" position="4">
      <path value="root" />
      <path value="Main Toolbar" />
      <path value="Toolbar Run Actions" />
      <path value="Run/Debug" />
      <option name="myInitialPosition" value="-1" />
    </group>
    <group value="Git.Show.Stage" is_action="true" action_type="-1" position="3">
      <path value="root" />
      <path value="Main Toolbar" />
      <path value="MainToolBarSettings" />
      <path value="VCS Actions" />
      <option name="myInitialPosition" value="-1" />
    </group>
    <group value="Coverage" is_action="true" action_type="-1" position="2">
      <path value="root" />
      <path value="Main Toolbar" />
      <path value="Toolbar Run Actions" />
      <path value="Run/Debug" />
      <option name="myInitialPosition" value="-1" />
    </group>
    <group value="$LRU" is_group="true" action_type="1" position="1">
      <path value="root" />
      <path value="Main Toolbar" />
      <option name="myInitialPosition" value="-1" />
    </group>
    <group value="CloseProject" is_action="true" action_type="1" position="2">
      <path value="root" />
      <path value="Main Toolbar" />
      <option name="myInitialPosition" value="-1" />
    </group>
    <group value="Coverage" is_action="true" action_type="1" position="3">
      <path value="root" />
      <path value="Main Toolbar" />
      <path value="Toolbar Run Actions" />
      <path value="Run/Debug" />
      <option name="myInitialPosition" value="-1" />
    </group>
    <group value="HideCoverage" is_action="true" action_type="1" position="4">
      <path value="root" />
      <path value="Main Toolbar" />
      <path value="Toolbar Run Actions" />
      <path value="Run/Debug" />
      <option name="myInitialPosition" value="-1" />
    </group>
    <group value="Git.Merge" is_action="true" action_type="1" position="4">
      <path value="root" />
      <path value="Main Toolbar" />
      <path value="MainToolBarSettings" />
      <path value="VCS Actions" />
      <option name="myInitialPosition" value="-1" />
    </group>
  </component>
</application>