<application>
  <component name="CodeInsightSettings">
    <option name="REFORMAT_ON_PASTE" value="1" />
    <option name="INDENT_TO_CARET_ON_PASTE" value="true" />
  </component>
  <component name="DaemonCodeAnalyzerSettings" profile="Project Default">
    <option name="NEXT_ERROR_ACTION_GOES_TO_ERRORS_FIRST" value="false" />
  </component>
  <component name="DefaultFont">
    <option name="FONT_SIZE" value="14" />
  </component>
  <component name="EditorSettings">
    <option name="USE_SOFT_WRAPS" value="MAIN_EDITOR:CONSOLE:PREVIEW" />
    <option name="SOFT_WRAP_FILE_MASKS" value="*.md; *.txt; *.rst; *.adoc; *.json" />
    <option name="IS_CAMEL_WORDS" value="true" />
    <option name="KEEP_TRAILING_SPACE_ON_CARET_LINE" value="false" />
  </component>
  <component name="TodoConfiguration">
    <pattern pattern="\btodo\b.*" />
    <pattern pattern="\bfixme\b.*" />
    <pattern pattern="\bxxx\b.*" />
  </component>
</application>