<application>
  <component name="FileTypeManager" version="18">
    <ignoreFiles list="*$py.class;*.pyc;*.pyo;*.rbc;*~;.DS_Store;.git;.hg;.svn;CVS;RCS;SCCS;__pycache__;_svn;rcs;" />
    <extensionMap>
      <mapping pattern="ai0000001-0157" type="AUTO_DETECTED" />
      <mapping ext="base" type="Dockerfile" />
      <mapping pattern="VERSION" type="PLAIN_TEXT" />
      <mapping pattern="template" type="PLAIN_TEXT" />
      <mapping pattern="rules" type="PLAIN_TEXT" />
      <mapping pattern="copyright" type="PLAIN_TEXT" />
      <mapping pattern="format" type="PLAIN_TEXT" />
      <mapping pattern="swfe" type="PLAIN_TEXT" />
      <mapping pattern="050d2s" type="PLAIN_TEXT" />
      <mapping pattern="control" type="PLAIN_TEXT" />
      <mapping pattern="words" type="PLAIN_TEXT" />
      <mapping pattern="rep" type="PLAIN_TEXT" />
      <mapping pattern="gpl" type="PLAIN_TEXT" />
      <mapping pattern="rfc4343" type="PLAIN_TEXT" />
      <mapping pattern="safdsa" type="PLAIN_TEXT" />
      <mapping pattern="cron_es_maintenance" type="PLAIN_TEXT" />
      <mapping pattern="source/format" type="PLAIN_TEXT" />
      <mapping pattern="keyman" type="PLAIN_TEXT" />
      <mapping pattern="luther" type="PLAIN_TEXT" />
      <mapping pattern="nasa" type="PLAIN_TEXT" />
      <mapping pattern="keyman_hkp" type="PLAIN_TEXT" />
      <mapping pattern="aasdas" type="PLAIN_TEXT" />
      <mapping pattern="nasa]" type="PLAIN_TEXT" />
      <mapping pattern="asd" type="PLAIN_TEXT" />
      <mapping pattern="compat" type="PLAIN_TEXT" />
      <mapping pattern="asdf" type="PLAIN_TEXT" />
      <mapping ext="triggers" type="PLAIN_TEXT" />
      <mapping ext="d/cron_es_maintenance" type="PLAIN_TEXT" />
      <mapping ext="cf" type="PLAIN_TEXT" />
      <mapping ext="pem" type="PLAIN_TEXT" />
      <removed_mapping ext="bat" approved="true" type="PLAIN_TEXT" />
      <removed_mapping ext="cmd" approved="true" type="PLAIN_TEXT" />
      <removed_mapping ext="conf" approved="true" type="PLAIN_TEXT" />
      <removed_mapping ext="dockerfile" approved="true" type="textmate" />
      <removed_mapping ext="ignore" approved="true" type="IgnoreLang file" />
      <removed_mapping ext="log" approved="true" type="PLAIN_TEXT" />
      <removed_mapping ext="makefile" approved="true" type="textmate" />
      <removed_mapping ext="snakefile" approved="true" type="textmate" />
      <removed_mapping ext="txt" approved="true" type="PLAIN_TEXT" />
      <mapping ext="dirs" type="Bash" />
      <mapping ext="install" type="Bash" />
      <mapping ext="postinst" type="Bash" />
    </extensionMap>
  </component>
</application>