<application>
  <component name="GitToolBoxAppSettings2">
    <option name="autoFetchIntervalMinutes" value="60" />
    <option name="blameInlineAuthorNameType" value="FULL" />
    <option name="blameStatusAuthorNameType" value="FULL" />
    <option name="blameUncommittedChanges" value="false" />
    <option name="outdatedBranchesAutoCleanup">
      <OutdatedBranchesAutoCleanupConfig>
        <option name="autoCheckIntervalHours" value="72" />
      </OutdatedBranchesAutoCleanupConfig>
    </option>
    <option name="repositoriesConfig">
      <RepositoriesConfig>
        <configForRepoType>
          <entry type="BITBUCKET_SERVER">
            <RepoTypeConfig>
              <option name="fetchUriGlobs">
                <list>
                  <option value="" />
                </list>
              </option>
            </RepoTypeConfig>
          </entry>
          <entry type="BITBUCKET_CLOUD">
            <RepoTypeConfig>
              <option name="fetchUriGlobs">
                <list>
                  <option value="" />
                </list>
              </option>
            </RepoTypeConfig>
          </entry>
          <entry type="GITHUB">
            <RepoTypeConfig>
              <option name="fetchUriGlobs">
                <list>
                  <option value="" />
                </list>
              </option>
            </RepoTypeConfig>
          </entry>
          <entry type="GITLAB">
            <RepoTypeConfig>
              <option name="fetchUriGlobs">
                <list>
                  <option value="" />
                </list>
              </option>
            </RepoTypeConfig>
          </entry>
        </configForRepoType>
      </RepositoriesConfig>
    </option>
    <option name="showEditorInlineBlame" value="false" />
    <option name="showProjectViewStatus" value="false" />
    <option name="version" value="6" />
  </component>
</application>