<application>
  <component name="GitToolBoxAppSettings2">
    <option name="autoFetchIntervalMinutes" value="60" />
    <option name="decorationParts">
      <list>
        <DecorationPartConfig>
          <option name="type" value="STATUS" />
        </DecorationPartConfig>
        <DecorationPartConfig>
          <option name="prefix" value="/ " />
          <option name="type" value="CHANGED_COUNT" />
        </DecorationPartConfig>
      </list>
    </option>
    <option name="showBlameWidget" value="false" />
    <option name="showEditorInlineBlame" value="false" />
    <option name="showProjectViewStatus" value="false" />
  </component>
</application>