<application>
  <component name="GeneralSettings">
    <option name="showTipsOnStartup" value="false" />
    <option name="autoSaveIfInactive" value="true" />
    <option name="confirmExit" value="false" />
    <option name="confirmOpenNewProject2" value="0" />
    <option name="processCloseConfirmation" value="TERMINATE" />
    <option name="inactiveTimeout" value="30" />
  </component>
  <component name="Registry">
    <entry key="ide.experimental.ui" value="true" />
    <entry key="ide.firstStartup" value="false" />
    <entry key="debugger.watches.in.variables" value="false" />
  </component>
  <component name="StatusBar">
    <option name="widgets">
      <map>
        <entry key="AIAssistant" value="false" />
        <entry key="CwmWireStatsWidgetFactory" value="false" />
        <entry key="Encoding" value="false" />
        <entry key="FlowJSInfo" value="false" />
        <entry key="LineSeparator" value="false" />
        <entry key="Position" value="false" />
        <entry key="TypeScriptInfo" value="false" />
        <entry key="bdi.table.encoding" value="false" />
        <entry key="com.intellij.psi.codeStyle.statusbar.CodeStyleStatusBarWidget" value="false" />
        <entry key="git" value="true" />
        <entry key="webDeployment.default.server.widget" value="false" />
      </map>
    </option>
  </component>
</application>