<?xml version="1.0" encoding="UTF-8"?>
<application>
  <component name="IntentionManagerSettings">
    <ignoreAction name="Python/Insert type assertion" />
    <ignoreAction name="Python/Insert documentation string stub" />
    <ignoreAction name="Language Injection/Inject Language/Reference" />
    <ignoreAction name="Python/Convert between single-quoted and double-quoted strings" />
    <ignoreAction name="SQL/Quote identifier" />
    <ignoreAction name="Python/Specify type for reference in docstring" />
    <ignoreAction name="Python/DeMorgan Law" />
    <ignoreAction name="Python/Convert dict literal to dict constructor" />
    <ignoreAction name="JavaScript/Other/Replace Double-Quoted String with Single-Quoted String" />
    <ignoreAction name="Python/Convert method to property" />
  </component>
</application>

