<application>
  <component name="NotificationConfiguration">
    <notification groupId="Automatic indent detection" />
    <notification groupId="Branch Context group" displayType="NONE" />
    <notification groupId="Code style settings migration" />
    <notification groupId="Common Version Control Messages" />
    <notification groupId="Database editor log" displayType="NONE" />
    <notification groupId="Database view" displayType="TOOL_WINDOW" />
    <notification groupId="Docker: Dockerfile detection" displayType="NONE" shouldLog="false" />
    <notification groupId="EditorConfig" />
    <notification groupId="File Watcher Messages" />
    <notification groupId="file.watchers.trusted.project.confirmation" />
    <notification groupId="Find Problems" shouldLog="false" />
    <notification groupId="Git Messages" displayType="TOOL_WINDOW" />
    <notification groupId="Heap Dump Analysis" />
    <notification groupId="IDE and Plugin Updates" />
    <notification groupId="IDE Fatal Errors" displayType="NONE" />
    <notification groupId="IDE Features Trainer" shouldLog="false" />
    <notification groupId="IDE Usage Statistics" shouldLog="false" />
    <notification groupId="Keymap" />
    <notification groupId="Plugins Suggestion" />
    <notification groupId="Plugins updates" />
    <notification groupId="Proofreading missing languages information" />
    <notification groupId="PyCharm Professional Advertiser" shouldLog="false" />
    <notification groupId="pyproject.toml Watcher" shouldLog="false" />
    <notification groupId="Python Compatibility Inspection Advertiser" displayType="NONE" shouldLog="false" />
    <notification groupId="Svn Roots Detection Errors" displayType="STICKY_BALLOON" />
    <notification groupId="Test Runner" displayType="NONE" />
    <notification groupId="Update Checker" displayType="STICKY_BALLOON" />
    <notification groupId="Upgrade Subscription Renewal" displayType="NONE" shouldLog="false" />
    <notification groupId="Vcs Important Messages" />
  </component>
</application>