<application>
  <component name="ParameterNameHintsSettings">
    <blacklists>
      <blacklist language="Python">
        <added pattern="logging.*" />
        <added pattern="fastapi.*" />
        <added pattern="(&lt;star&gt;args,&lt;star&gt;&lt;star&gt;kwargs)" />
        <added pattern="(&lt;star&gt;args, *)" />
        <added pattern="*.__call__(&lt;star&gt;args)" />
        <added pattern="sqlalchemy.*(self,&lt;star&gt;args,&lt;star&gt;&lt;star&gt;kwargs)" />
        <added pattern="sqlalchemy.*(self,&lt;star&gt;args,&lt;star&gt;&lt;star&gt;kw)" />
        <added pattern="async_asgi_testclient.*(self,&lt;star&gt;args,&lt;star&gt;&lt;star&gt;kwargs)" />
        <added pattern="sqlalchemy.sql.schema.Column.__init__(self,__name_pos,__type_pos,&lt;star&gt;args,name,type_,autoincrement,default,doc,key,index,unique,info,nullable,onupdate,primary_key,server_default,server_onupdate,quote,system,comment,insert_sentinel,_omit_from_statements,_proxies,&lt;star&gt;&lt;star&gt;dialect_kwargs)" />
      </blacklist>
    </blacklists>
    <option id="python.show.hints.for.non-literal.arguments" value="true" />
    <option id="sql.show.column.names.for.set.operations" value="true" />
    <option id="sql.show.column.names.for.asterisk" value="true" />
    <option id="sql.show.column.names.in.insert.values" value="true" />
    <option id="sql.show.column.names.in.select" value="true" />
  </component>
</application>