<application>
  <component name="ProjectManager">
    <defaultProject>
      <component name="AutoImportSettings">
        <option name="autoReloadType" value="SELECTIVE" />
      </component>
      <component name="InspectionProjectProfileManager">
        <profile version="1.0">
          <option name="myName" value="Project Default" />
          <inspection_tool class="Add Shebang line" enabled="false" level="WEAK WARNING" enabled_by_default="false" />
          <inspection_tool class="PyAbstractClassInspection" enabled="false" level="WEAK WARNING" enabled_by_default="false" />
          <inspection_tool class="PyClassicStyleClassInspection" enabled="true" level="WARNING" enabled_by_default="true" />
          <inspection_tool class="PyCompatibilityInspection" enabled="true" level="WARNING" enabled_by_default="true">
            <option name="ourVersions">
              <value>
                <list size="1">
                  <item index="0" class="java.lang.String" itemvalue="3.6" />
                </list>
              </value>
            </option>
          </inspection_tool>
          <inspection_tool class="PyMethodMayBeStaticInspection" enabled="false" level="WEAK WARNING" enabled_by_default="false" />
          <inspection_tool class="PyMethodOverridingInspection" enabled="false" level="WARNING" enabled_by_default="false" />
          <inspection_tool class="PyPackageRequirementsInspection" enabled="false" level="WARNING" enabled_by_default="false">
            <option name="ignoredPackages">
              <value>
                <list size="0" />
              </value>
            </option>
          </inspection_tool>
          <inspection_tool class="PyPep8NamingInspection" enabled="false" level="WEAK WARNING" enabled_by_default="false" />
          <inspection_tool class="PySingleQuotedDocstringInspection" enabled="false" level="WEAK WARNING" enabled_by_default="false" />
          <inspection_tool class="SpellCheckingInspection" enabled="true" level="TYPO" enabled_by_default="true">
            <option name="processCode" value="false" />
            <option name="processLiterals" value="true" />
            <option name="processComments" value="true" />
          </inspection_tool>
          <inspection_tool class="SqlNoDataSourceInspection" enabled="false" level="WARNING" enabled_by_default="false" />
          <inspection_tool class="SqlResolveInspection" enabled="false" level="WARNING" enabled_by_default="false" />
        </profile>
        <option name="USE_PROJECT_PROFILE" value="false" />
        <version value="1.0" />
      </component>
      <component name="NodePackageJsonFileManager">
        <packageJsonPaths />
      </component>
      <component name="PreferredVcsStorage">
        <preferredVcsName>ApexVCS</preferredVcsName>
      </component>
      <component name="ProjectDictionaryState">
        <dictionary name="golyig" />
        <dictionary name="igor" />
      </component>
      <component name="ProjectInspectionProfilesVisibleTreeState">
        <entry key="Project Default">
          <profile-state>
            <expanded-state>
              <State>
                <id />
              </State>
              <State>
                <id>CSS</id>
              </State>
              <State>
                <id>Django</id>
              </State>
              <State>
                <id>Google App Engine (Python)</id>
              </State>
              <State>
                <id>JavaScript</id>
              </State>
              <State>
                <id>JavaScript validity issuesJavaScript</id>
              </State>
              <State>
                <id>Probable bugsCSS</id>
              </State>
              <State>
                <id>Probable bugsJavaScript</id>
              </State>
              <State>
                <id>Puppet</id>
              </State>
              <State>
                <id>Python</id>
              </State>
              <State>
                <id>RELAX NG</id>
              </State>
            </expanded-state>
            <selected-state>
              <State>
                <id>PyCompatibilityInspection</id>
              </State>
            </selected-state>
          </profile-state>
        </entry>
      </component>
      <component name="ProjectLevelVcsManager" settingsEditedManually="true">
        <OptionsSetting value="false" id="Checkout" />
      </component>
      <component name="ProjectModuleManager">
        <modules />
      </component>
      <component name="ProjectTasksOptions">
        <enabled-global>
          <option value="Black" />
          <option value="Docformatter" />
          <option value="Isort" />
        </enabled-global>
      </component>
      <component name="PropertiesComponent">
        <property name="nodejs_interpreter_path.stuck_in_default_project" value="undefined stuck path" />
        <property name="nodejs_npm_path_reset_for_default_project" value="true" />
        <property name="options.lastSelected" value="vcs.Subversion" />
        <property name="options.searchVisible" value="true" />
        <property name="options.splitter.details.proportions" value="0.2" />
        <property name="options.splitter.main.proportions" value="0.22675736" />
        <property name="settings.editor.selected.configurable" value="preferences.pluginManager" />
      </component>
      <component name="PyConsoleOptionsProvider">
        <option name="myPythonConsoleState">
          <console-settings is-module-sdk="true">
            <option name="myUseModuleSdk" value="true" />
          </console-settings>
        </option>
      </component>
      <component name="RunDashboard">
        <option name="ruleStates">
          <list>
            <RuleState>
              <option name="name" value="ConfigurationTypeDashboardGroupingRule" />
            </RuleState>
            <RuleState>
              <option name="name" value="StatusDashboardGroupingRule" />
            </RuleState>
          </list>
        </option>
      </component>
      <component name="SshConsoleOptionsProvider">
        <option name="myEncoding" value="UTF-8" />
        <option name="myConnectionType" value="NONE" />
        <option name="myConnectionId" value="" />
      </component>
      <component name="SvnConfiguration" maxAnnotateRevisions="500" myUseAcceleration="nothing" myAutoUpdateAfterCommit="false" cleanupOnStartRun="false" SSL_PROTOCOLS="all">
        <option name="USER" value="" />
        <option name="PASSWORD" value="" />
        <option name="mySSHConnectionTimeout" value="30000" />
        <option name="mySSHReadTimeout" value="30000" />
        <option name="LAST_MERGED_REVISION" />
        <option name="MERGE_DRY_RUN" value="false" />
        <option name="MERGE_DIFF_USE_ANCESTRY" value="true" />
        <option name="UPDATE_LOCK_ON_DEMAND" value="false" />
        <option name="IGNORE_SPACES_IN_MERGE" value="false" />
        <option name="CHECK_NESTED_FOR_QUICK_MERGE" value="false" />
        <option name="IGNORE_SPACES_IN_ANNOTATE" value="true" />
        <option name="SHOW_MERGE_SOURCES_IN_ANNOTATE" value="true" />
        <option name="FORCE_UPDATE" value="false" />
        <option name="IGNORE_EXTERNALS" value="false" />
        <configuration useDefault="true">$USER_HOME$/.subversion</configuration>
        <myIsUseDefaultProxy>false</myIsUseDefaultProxy>
      </component>
      <component name="masterDetails">
        <states>
          <state key="ScopeChooserConfigurable.UI">
            <settings>
              <splitter-proportions>
                <option name="proportions">
                  <list>
                    <option value="0.2" />
                  </list>
                </option>
              </splitter-proportions>
            </settings>
          </state>
        </states>
      </component>
    </defaultProject>
  </component>
</application>