<application>
  <component name="Trusted.Paths">
    <option name="TRUSTED_PROJECT_PATHS">
      <map>
        <entry key="$USER_HOME$/Personal/backend-test" value="true" />
        <entry key="$USER_HOME$/Personal/fastemplate" value="true" />
        <entry key="$USER_HOME$/Personal/sorgens_kammer" value="true" />
        <entry key="$USER_HOME$/Projects/airflow-dags" value="true" />
        <entry key="$USER_HOME$/Projects/alfred" value="true" />
        <entry key="$USER_HOME$/Projects/arch" value="true" />
        <entry key="$USER_HOME$/Projects/auth" value="true" />
        <entry key="$USER_HOME$/Projects/backend-service-template" value="true" />
        <entry key="$USER_HOME$/Projects/bell-gateway" value="true" />
        <entry key="$USER_HOME$/Projects/ci" value="true" />
        <entry key="$USER_HOME$/Projects/content-category-gateway" value="true" />
        <entry key="$USER_HOME$/Projects/content-repr" value="true" />
        <entry key="$USER_HOME$/Projects/grid-gateway" value="true" />
        <entry key="$USER_HOME$/Projects/history-gateway" value="true" />
        <entry key="$USER_HOME$/Projects/image-gateway" value="true" />
        <entry key="$USER_HOME$/Projects/intg-billing-megafon" value="true" />
        <entry key="$USER_HOME$/Projects/live-gateway" value="true" />
        <entry key="$USER_HOME$/Projects/magic-blocks" value="true" />
        <entry key="$USER_HOME$/Projects/meta" value="true" />
        <entry key="$USER_HOME$/Projects/meta-gateway" value="true" />
        <entry key="$USER_HOME$/Projects/playlist" value="true" />
        <entry key="$USER_HOME$/Projects/playlist-gateway" value="true" />
        <entry key="$USER_HOME$/Projects/recommendation-gateway" value="true" />
        <entry key="$USER_HOME$/Projects/recommender-onboarding-gateway" value="true" />
        <entry key="$USER_HOME$/Projects/recommender-ranking-gateway" value="true" />
        <entry key="$USER_HOME$/Projects/welcome-playlist" value="true" />
        <entry key="$USER_HOME$/Projects/zvq-prod" value="true" />
        <entry key="$USER_HOME$/Projects/zvq-report" value="true" />
        <entry key="$USER_HOME$/Projects/zvuk-service-lib" value="true" />
      </map>
    </option>
  </component>
  <component name="Trusted.Paths.Settings">
    <option name="TRUSTED_PATHS">
      <list>
        <option value="$USER_HOME$/Personal" />
        <option value="$USER_HOME$/Projects" />
      </list>
    </option>
  </component>
</application>