<application>
  <component name="DimensionService">
    <location key="find.popup.0.0.3584.2240@192dpi" x="844" y="172" />
    <size key="GridCell.Tab.0.left.0.0.3584.2240@192dpi" width="3452" height="666" />
    <size key="GridCell.Tab.0.center.0.0.3584.2240@192dpi" width="3452" height="666" />
    <size key="GridCell.Tab.0.right.0.0.3584.2240@192dpi" width="3452" height="666" />
    <size key="GridCell.Tab.0.bottom.0.0.3584.2240@192dpi" width="3452" height="666" />
    <size key="find.popup.0.0.3584.2240@192dpi" width="1860" height="1736" />
    <size key="GridCell.Tab.1.left.0.0.3584.2240@192dpi" width="3452" height="656" />
    <size key="GridCell.Tab.1.center.0.0.3584.2240@192dpi" width="3452" height="656" />
    <size key="GridCell.Tab.1.right.0.0.3584.2240@192dpi" width="3452" height="656" />
    <size key="GridCell.Tab.1.bottom.0.0.3584.2240@192dpi" width="3452" height="656" />
    <size key="GridCell.Tab.2.left.0.0.3584.2240@192dpi" width="2414" height="658" />
    <size key="GridCell.Tab.2.center.0.0.3584.2240@192dpi" width="2414" height="658" />
    <size key="GridCell.Tab.2.right.0.0.3584.2240@192dpi" width="2414" height="658" />
    <size key="GridCell.Tab.2.bottom.0.0.3584.2240@192dpi" width="2414" height="658" />
  </component>
  <component name="WindowManager">
    <frame x="0" y="25" width="1792" height="1095" extendedState="6" />
  </component>
  <component name="WindowStateApplicationService">
    <state width="490" height="471" key="ShowUsagesActions.dimensionServiceKey" timestamp="1722462537793">
      <screen x="0" y="25" width="1792" height="1095" />
    </state>
    <state width="490" height="471" key="ShowUsagesActions.dimensionServiceKey/0.25.1792.1095" timestamp="1722462537793" />
  </component>
</application>